{
  "remove_all_from_cart": {
    "precision": 1.0,
    "recall": 0.9166666666666666,
    "f1-score": 0.9565217391304348,
    "support": 12,
    "confused_with": {
      "remove_from_cart": 1
    }
  },
  "is_cart_affordable": {
    "precision": 0.75,
    "recall": 0.8571428571428571,
    "f1-score": 0.7999999999999999,
    "support": 7,
    "confused_with": {
      "buy_cart_items": 1
    }
  },
  "show_library": {
    "precision": 0.42857142857142855,
    "recall": 0.6,
    "f1-score": 0.5,
    "support": 5,
    "confused_with": {
      "show_cart_items": 1,
      "remove_game_from_library": 1
    }
  },
  "check_balance": {
    "precision": 0.6666666666666666,
    "recall": 0.8,
    "f1-score": 0.7272727272727272,
    "support": 5,
    "confused_with": {
      "show_library": 1
    }
  },
  "deny": {
    "precision": 0.8,
    "recall": 0.5714285714285714,
    "f1-score": 0.6666666666666666,
    "support": 7,
    "confused_with": {
      "affirm": 2,
      "mood_unhappy": 1
    }
  },
  "buy_cart_items": {
    "precision": 0.8,
    "recall": 0.8,
    "f1-score": 0.8000000000000002,
    "support": 5,
    "confused_with": {
      "is_cart_affordable": 1
    }
  },
  "remove_from_cart": {
    "precision": 0.926829268292683,
    "recall": 1.0,
    "f1-score": 0.9620253164556963,
    "support": 38,
    "confused_with": {}
  },
  "mood_unhappy": {
    "precision": 0.5714285714285714,
    "recall": 0.8571428571428571,
    "f1-score": 0.6857142857142857,
    "support": 14,
    "confused_with": {
      "mood_great": 1,
      "check_balance": 1
    }
  },
  "greet": {
    "precision": 0.75,
    "recall": 0.6923076923076923,
    "f1-score": 0.7199999999999999,
    "support": 13,
    "confused_with": {
      "mood_unhappy": 2,
      "goodbye": 1
    }
  },
  "affirm": {
    "precision": 0.4,
    "recall": 0.3333333333333333,
    "f1-score": 0.3636363636363636,
    "support": 6,
    "confused_with": {
      "mood_unhappy": 1,
      "mood_great": 1
    }
  },
  "show_cart_items": {
    "precision": 0.75,
    "recall": 0.42857142857142855,
    "f1-score": 0.5454545454545454,
    "support": 7,
    "confused_with": {
      "show_library": 3,
      "check_balance": 1
    }
  },
  "add_to_cart": {
    "precision": 0.9655172413793104,
    "recall": 0.9655172413793104,
    "f1-score": 0.9655172413793104,
    "support": 29,
    "confused_with": {
      "remove_from_cart": 1
    }
  },
  "goodbye": {
    "precision": 0.75,
    "recall": 0.5454545454545454,
    "f1-score": 0.631578947368421,
    "support": 11,
    "confused_with": {
      "greet": 2,
      "mood_unhappy": 1
    }
  },
  "remove_game_from_library": {
    "precision": 0.9523809523809523,
    "recall": 0.9523809523809523,
    "f1-score": 0.9523809523809523,
    "support": 21,
    "confused_with": {
      "remove_from_cart": 1
    }
  },
  "mood_great": {
    "precision": 0.7272727272727273,
    "recall": 0.5714285714285714,
    "f1-score": 0.64,
    "support": 14,
    "confused_with": {
      "mood_unhappy": 4,
      "greet": 1
    }
  },
  "accuracy": 0.8144329896907216,
  "macro avg": {
    "precision": 0.7492444570661559,
    "recall": 0.7260916478157856,
    "f1-score": 0.7277845856972935,
    "support": 194
  },
  "weighted avg": {
    "precision": 0.8215336126450032,
    "recall": 0.8144329896907216,
    "f1-score": 0.8108537196853848,
    "support": 194
  }
}